id,zone,typeOfCrime,date,,,
1,9,Theft,26/03/2017,,,
2,39,Theft,05/02/2017,,,
3,31,Theft,20/01/2017,,,
4,21,Gun Crime,15/03/2017,,,
5,40,Theft,29/05/2017,,,
6,14,Knife Crime,26/08/2017,,,
7,2,Knife Crime,01/04/2017,,,
8,36,Knife Crime,20/04/2017,,,
9,31,Gun Crime,03/06/2017,,,
10,24,Gun Crime,19/07/2017,,,
11,40,Gun Crime,20/10/2017,,,
12,14,Knife Crime,17/11/2017,,,
13,8,Theft,08/12/2017,,,
14,46,Theft,10/06/2017,,,
15,31,Gun Crime,27/11/2017,,,
16,21,Theft,18/06/2017,,,
17,35,Theft,15/09/2017,,,
18,14,Knife Crime,26/08/2017,,,
19,16,Knife Crime,19/05/2017,,,
20,36,Knife Crime,14/08/2017,,,
21,31,Theft,16/09/2017,,,
22,29,Gun Crime,17/02/2017,,,
23,41,Theft,22/01/2017,,,
24,14,Theft,16/07/2017,,,
25,16,Gun Crime,19/04/2017,,,
26,33,Theft,20/04/2017,,,
27,31,Theft,26/09/2017,,,
28,26,Gun Crime,16/05/2017,,,
29,52,Knife Crime,13/09/2017,,,
30,14,Gun Crime,24/10/2017,,,
31,5,Gun Crime,20/07/2017,,,
32,36,Theft,21/06/2017,,,
33,31,Gun Crime,11/03/2017,,,
34,19,Knife Crime,01/08/2017,,,
35,48,Theft,29/01/2017,,,
36,14,Gun Crime,21/12/2017,,,
37,22,Gun Crime,07/07/2017,,,
38,43,Gun Crime,02/05/2017,,,
39,31,Gun Crime,12/06/2017,,,
40,4,Knife Crime,09/09/2017,,,
41,34,Knife Crime,16/05/2017,,,
42,14,Knife Crime,29/12/2017,,,
43,6,Theft,18/07/2017,,,
44,43,Theft,21/08/2017,,,
45,31,Theft,18/09/2017,,,
46,6,Gun Crime,26/10/2017,,,
47,36,Knife Crime,17/11/2017,,,
48,14,Theft,12/05/2017,,,
49,28,Theft,16/02/2017,,,
50,50,Knife Crime,24/08/2017,,,
51,31,Knife Crime,07/03/2017,,,
52,26,Knife Crime,26/03/2017,,,
53,38,Knife Crime,05/02/2017,,,
54,14,Gun Crime,20/01/2017,,,
55,10,Knife Crime,15/03/2017,,,
56,44,Theft,29/05/2017,,,
57,31,Knife Crime,26/08/2017,,,
58,1,Theft,01/04/2017,,,
59,36,Gun Crime,20/04/2017,,,
60,14,Theft,03/06/2017,,,
61,5,Knife Crime,19/07/2017,,,
62,52,Gun Crime,20/10/2017,,,
63,31,Gun Crime,17/11/2017,,,
64,14,Knife Crime,08/12/2017,,,
65,44,Gun Crime,10/06/2017,,,
66,14,Gun Crime,27/11/2017,,,
67,19,Theft,18/06/2017,,,
68,42,Knife Crime,15/09/2017,,,
69,31,Theft,26/08/2017,,,
70,3,Theft,19/05/2017,,,
71,36,Theft,14/08/2017,,,
72,14,Gun Crime,16/09/2017,,,
73,10,Theft,17/02/2017,,,
74,50,Theft,22/01/2017,,,
75,31,Theft,16/07/2017,,,
76,22,Gun Crime,19/04/2017,,,
77,34,Knife Crime,20/04/2017,,,
78,14,Knife Crime,26/09/2017,,,
79,11,Knife Crime,16/05/2017,,,
80,46,Theft,13/09/2017,,,
81,31,Gun Crime,24/10/2017,,,
82,16,Gun Crime,20/07/2017,,,
83,33,Knife Crime,21/06/2017,,,
84,14,Gun Crime,11/03/2017,,,
85,16,Gun Crime,01/08/2017,,,
86,36,Knife Crime,29/01/2017,,,
87,31,Gun Crime,21/12/2017,,,
88,8,Gun Crime,07/07/2017,,,
89,46,Theft,02/05/2017,,,
90,14,Theft,12/06/2017,,,
91,10,Theft,09/09/2017,,,
92,37,Theft,16/05/2017,,,
93,31,Gun Crime,29/12/2017,,,
94,10,Theft,18/07/2017,,,
95,40,Gun Crime,21/08/2017,,,
96,14,Knife Crime,18/09/2017,,,
97,29,Theft,26/10/2017,,,
98,45,Theft,17/11/2017,,,
99,31,Knife Crime,12/05/2017,,,
100,26,Theft,16/02/2017,,,
101,47,Theft,24/08/2017,,,
102,14,Knife Crime,07/03/2017,,,
103,17,Gun Crime,26/03/2017,,,
104,38,Gun Crime,05/02/2017,,,
105,31,Gun Crime,20/01/2017,,,
106,4,Knife Crime,15/03/2017,,,
107,33,Theft,29/05/2017,,,
108,14,Theft,26/08/2017,,,
109,16,Knife Crime,01/04/2017,,,
110,34,Knife Crime,20/04/2017,,,
111,31,Gun Crime,03/06/2017,,,
112,16,Knife Crime,19/07/2017,,,
113,33,Knife Crime,20/10/2017,,,
114,14,Gun Crime,17/11/2017,,,
115,27,Gun Crime,08/12/2017,,,
116,38,Knife Crime,10/06/2017,,,
117,31,Theft,27/11/2017,,,
118,29,Theft,18/06/2017,,,
119,36,Knife Crime,15/09/2017,,,
120,14,Knife Crime,26/08/2017,,,
121,7,Knife Crime,19/05/2017,,,
122,48,Theft,14/08/2017,,,
123,31,Gun Crime,16/09/2017,,,
124,18,Knife Crime,17/02/2017,,,
125,33,Knife Crime,22/01/2017,,,
126,14,Knife Crime,16/07/2017,,,
127,6,Knife Crime,19/04/2017,,,
128,33,Knife Crime,20/04/2017,,,
129,31,Knife Crime,26/09/2017,,,
130,18,Knife Crime,16/05/2017,,,
131,40,Knife Crime,13/09/2017,,,
132,14,Gun Crime,24/10/2017,,,
133,15,Knife Crime,20/07/2017,,,
134,41,Theft,21/06/2017,,,
135,31,Theft,11/03/2017,,,
136,24,Theft,01/08/2017,,,
137,46,Gun Crime,29/01/2017,,,
138,14,Gun Crime,21/12/2017,,,
139,28,Knife Crime,07/07/2017,,,
140,40,Gun Crime,02/05/2017,,,
141,31,Knife Crime,12/06/2017,,,
142,9,Theft,09/09/2017,,,
143,41,Theft,16/05/2017,,,
144,14,Theft,29/12/2017,,,
145,13,Knife Crime,18/07/2017,,,
146,41,Knife Crime,21/08/2017,,,
147,31,Theft,18/09/2017,,,
148,28,Knife Crime,26/10/2017,,,
149,38,Knife Crime,26/03/2017,,,
150,14,Gun Crime,05/02/2017,,,
151,7,Theft,20/01/2017,,,
152,35,Theft,15/03/2017,,,
153,31,Knife Crime,29/05/2017,,,
154,23,Theft,26/08/2017,,,
155,47,Theft,01/04/2017,,,
156,14,Knife Crime,20/04/2017,,,
157,8,Gun Crime,03/06/2017,,,
158,43,Knife Crime,19/07/2017,,,
159,31,Knife Crime,20/10/2017,,,
160,24,Gun Crime,17/11/2017,,,
161,38,Theft,08/12/2017,,,
162,14,Gun Crime,10/06/2017,,,
163,9,Knife Crime,27/11/2017,,,
164,34,Knife Crime,18/06/2017,,,
165,31,Knife Crime,15/09/2017,,,
166,15,Knife Crime,26/08/2017,,,
167,48,Theft,19/05/2017,,,
168,14,Theft,14/08/2017,,,
169,22,Gun Crime,16/09/2017,,,
170,43,Gun Crime,17/02/2017,,,
171,31,Gun Crime,22/01/2017,,,
172,21,Knife Crime,16/07/2017,,,
173,41,Knife Crime,19/04/2017,,,
174,14,Theft,20/04/2017,,,
175,19,Theft,26/09/2017,,,
176,36,Theft,16/05/2017,,,
177,31,Knife Crime,13/09/2017,,,
178,3,Gun Crime,24/10/2017,,,
179,39,Gun Crime,20/07/2017,,,
180,14,Gun Crime,21/06/2017,,,
181,8,Knife Crime,11/03/2017,,,
182,38,Theft,01/08/2017,,,
183,31,Gun Crime,29/01/2017,,,
184,28,Knife Crime,21/12/2017,,,
185,46,Knife Crime,07/07/2017,,,
186,14,Gun Crime,02/05/2017,,,
187,1,Gun Crime,12/06/2017,,,
188,35,Theft,09/09/2017,,,
189,31,Theft,16/05/2017,,,
190,5,Knife Crime,29/12/2017,,,
191,37,Gun Crime,18/07/2017,,,
192,14,Theft,21/08/2017,,,
193,21,Knife Crime,18/09/2017,,,
194,42,Gun Crime,26/10/2017,,,
195,31,Knife Crime,17/11/2017,,,
196,2,Gun Crime,12/05/2017,,,
197,48,Knife Crime,16/02/2017,,,
198,14,Theft,24/08/2017,,,
199,7,Gun Crime,07/03/2017,,,
200,46,Theft,26/03/2017,,,
201,31,Knife Crime,05/02/2017,,,
202,20,Gun Crime,20/01/2017,,,
203,46,Knife Crime,15/03/2017,,,
204,14,Knife Crime,29/05/2017,,,
205,16,Theft,26/08/2017,,,
206,51,Theft,01/04/2017,,,
207,31,Knife Crime,20/04/2017,,,
208,9,Gun Crime,03/06/2017,,,
209,42,Knife Crime,19/07/2017,,,
210,14,Gun Crime,20/10/2017,,,
211,9,Theft,17/11/2017,,,
212,36,Knife Crime,08/12/2017,,,
213,31,Gun Crime,10/06/2017,,,
214,10,Knife Crime,27/11/2017,,,
215,49,Theft,18/06/2017,,,
216,14,Knife Crime,15/09/2017,,,
217,21,Gun Crime,26/08/2017,,,
218,33,Gun Crime,19/05/2017,,,
219,31,Theft,14/08/2017,,,
220,7,Knife Crime,16/09/2017,,,
221,49,Gun Crime,17/02/2017,,,
222,14,Gun Crime,22/01/2017,,,
223,12,Theft,16/07/2017,,,
224,45,Gun Crime,19/04/2017,,,
225,31,Knife Crime,20/04/2017,,,
226,28,Theft,26/09/2017,,,
227,47,Gun Crime,16/05/2017,,,
228,14,Theft,13/09/2017,,,
229,29,Gun Crime,24/10/2017,,,
230,47,Gun Crime,20/07/2017,,,
231,31,Gun Crime,21/06/2017,,,
232,2,Knife Crime,11/03/2017,,,
233,41,Theft,01/08/2017,,,
234,14,Gun Crime,29/01/2017,,,
235,21,Gun Crime,21/12/2017,,,
236,40,Knife Crime,07/07/2017,,,
237,31,Knife Crime,02/05/2017,,,
238,15,Theft,12/06/2017,,,
239,43,Gun Crime,09/09/2017,,,
240,14,Theft,16/05/2017,,,
241,7,Knife Crime,29/12/2017,,,
242,42,Gun Crime,18/07/2017,,,
243,31,Theft,21/08/2017,,,
244,29,Theft,18/09/2017,,,
245,38,Knife Crime,26/10/2017,,,
246,14,Gun Crime,17/11/2017,,,
247,8,Gun Crime,12/05/2017,,,
248,45,Gun Crime,16/02/2017,,,
249,31,Theft,26/03/2017,,,
250,23,Knife Crime,05/02/2017,,,
251,36,Knife Crime,20/01/2017,,,
252,14,Knife Crime,15/03/2017,,,
253,13,Theft,29/05/2017,,,
254,33,Gun Crime,26/08/2017,,,
255,31,Knife Crime,01/04/2017,,,
256,3,Theft,20/04/2017,,,
257,34,Theft,03/06/2017,,,
258,14,Gun Crime,19/07/2017,,,
259,16,Gun Crime,20/10/2017,,,
260,36,Theft,17/11/2017,,,
261,31,Theft,08/12/2017,,,
262,8,Knife Crime,10/06/2017,,,
263,33,Gun Crime,27/11/2017,,,
264,14,Knife Crime,18/06/2017,,,
265,24,Theft,15/09/2017,,,
266,49,Knife Crime,26/08/2017,,,
267,31,Gun Crime,19/05/2017,,,
268,4,Gun Crime,14/08/2017,,,
269,44,Theft,16/09/2017,,,
270,14,Theft,17/02/2017,,,
271,6,Gun Crime,22/01/2017,,,
272,38,Theft,16/07/2017,,,
273,31,Theft,19/04/2017,,,
274,2,Gun Crime,20/04/2017,,,
275,41,Theft,26/09/2017,,,
276,14,Gun Crime,16/05/2017,,,
277,1,Theft,13/09/2017,,,
278,44,Knife Crime,24/10/2017,,,
279,31,Knife Crime,20/07/2017,,,
280,15,Knife Crime,21/06/2017,,,
281,46,Theft,11/03/2017,,,
282,14,Gun Crime,01/08/2017,,,
283,8,Knife Crime,29/01/2017,,,
284,36,Gun Crime,21/12/2017,,,
285,31,Knife Crime,07/07/2017,,,
286,23,Theft,02/05/2017,,,
287,52,Gun Crime,12/06/2017,,,
288,14,Gun Crime,09/09/2017,,,
289,2,Theft,16/05/2017,,,
290,42,Knife Crime,29/12/2017,,,
291,31,Gun Crime,18/07/2017,,,
292,13,Knife Crime,21/08/2017,,,
293,45,Gun Crime,18/09/2017,,,
294,14,Gun Crime,26/10/2017,,,
295,17,Theft,17/11/2017,,,
296,52,Knife Crime,12/05/2017,,,
297,31,Gun Crime,16/02/2017,,,
298,27,Knife Crime,24/08/2017,,,
299,52,Knife Crime,07/03/2017,,,
300,14,Knife Crime,26/03/2017,,,
301,12,Gun Crime,05/02/2017,,,
302,51,Gun Crime,20/01/2017,,,
303,31,Gun Crime,15/03/2017,,,
304,12,Gun Crime,29/05/2017,,,
305,39,Knife Crime,26/08/2017,,,
306,14,Theft,01/04/2017,,,
307,12,Gun Crime,20/04/2017,,,
308,39,Knife Crime,03/06/2017,,,
309,31,Theft,19/07/2017,,,
310,27,Knife Crime,20/10/2017,,,
311,42,Theft,17/11/2017,,,
312,14,Theft,08/12/2017,,,
313,8,Knife Crime,10/06/2017,,,
314,50,Knife Crime,27/11/2017,,,
315,31,Knife Crime,18/06/2017,,,
316,7,Theft,15/09/2017,,,
317,45,Theft,26/08/2017,,,
318,14,Gun Crime,19/05/2017,,,
319,18,Gun Crime,14/08/2017,,,
320,50,Gun Crime,16/09/2017,,,
321,31,Theft,17/02/2017,,,
322,4,Gun Crime,22/01/2017,,,
323,49,Theft,16/07/2017,,,
324,14,Knife Crime,19/04/2017,,,
325,13,Gun Crime,20/04/2017,,,
326,37,Gun Crime,26/09/2017,,,
327,31,Knife Crime,16/05/2017,,,
328,26,Gun Crime,13/09/2017,,,
329,35,Knife Crime,24/10/2017,,,
330,14,Knife Crime,20/07/2017,,,
331,15,Gun Crime,21/06/2017,,,
332,44,Theft,11/03/2017,,,
333,31,Theft,01/08/2017,,,
334,5,Theft,29/01/2017,,,
335,39,Theft,21/12/2017,,,
336,14,Theft,07/07/2017,,,
337,24,Knife Crime,02/05/2017,,,
338,47,Theft,12/06/2017,,,
339,31,Knife Crime,09/09/2017,,,
340,1,Theft,16/05/2017,,,
341,44,Theft,29/12/2017,,,
342,14,Knife Crime,18/07/2017,,,
343,20,Gun Crime,21/08/2017,,,
344,41,Gun Crime,18/09/2017,,,
345,31,Gun Crime,26/10/2017,,,
346,15,Gun Crime,17/11/2017,,,
347,34,Knife Crime,12/05/2017,,,
348,14,Knife Crime,16/02/2017,,,
349,10,Knife Crime,24/08/2017,,,
350,50,Gun Crime,07/03/2017,,,
351,31,Theft,26/03/2017,,,
352,26,Theft,05/02/2017,,,
353,45,Gun Crime,20/01/2017,,,
354,14,Gun Crime,15/03/2017,,,
355,2,Theft,29/05/2017,,,
356,46,Gun Crime,26/08/2017,,,
357,31,Gun Crime,01/04/2017,,,
358,13,Gun Crime,20/04/2017,,,
359,46,Theft,03/06/2017,,,
360,14,Theft,19/07/2017,,,
361,22,Gun Crime,20/10/2017,,,
362,50,Knife Crime,17/11/2017,,,
363,31,Gun Crime,08/12/2017,,,
364,21,Knife Crime,10/06/2017,,,
365,46,Theft,27/11/2017,,,
366,14,Theft,18/06/2017,,,
367,4,Gun Crime,15/09/2017,,,
368,36,Gun Crime,26/08/2017,,,
369,31,Theft,19/05/2017,,,
370,10,Knife Crime,14/08/2017,,,
371,50,Theft,16/09/2017,,,
372,14,Gun Crime,17/02/2017,,,
373,13,Theft,22/01/2017,,,
374,37,Knife Crime,16/07/2017,,,
375,31,Gun Crime,19/04/2017,,,
376,14,Gun Crime,20/04/2017,,,
377,49,Knife Crime,26/09/2017,,,
378,14,Knife Crime,16/05/2017,,,
379,3,Theft,13/09/2017,,,
380,45,Knife Crime,24/10/2017,,,
381,31,Theft,20/07/2017,,,
382,11,Knife Crime,21/06/2017,,,
383,50,Knife Crime,11/03/2017,,,
384,14,Knife Crime,01/08/2017,,,
385,19,Knife Crime,29/01/2017,,,
386,35,Gun Crime,21/12/2017,,,
387,31,Gun Crime,07/07/2017,,,
388,2,Gun Crime,02/05/2017,,,
389,36,Theft,12/06/2017,,,
390,14,Knife Crime,09/09/2017,,,
391,16,Knife Crime,16/05/2017,,,
392,50,Theft,29/12/2017,,,
393,31,Knife Crime,18/07/2017,,,
394,19,Knife Crime,21/08/2017,,,
395,51,Gun Crime,18/09/2017,,,
396,14,Gun Crime,26/10/2017,,,
397,19,Theft,26/03/2017,,,
398,52,Gun Crime,05/02/2017,,,
399,31,Knife Crime,20/01/2017,,,
400,2,Theft,15/03/2017,,,
401,45,Knife Crime,29/05/2017,,,
402,14,Theft,26/08/2017,,,
403,15,Theft,01/04/2017,,,
404,52,Theft,20/04/2017,,,
405,31,Knife Crime,03/06/2017,,,
406,19,Gun Crime,19/07/2017,,,
407,44,Theft,20/10/2017,,,
408,14,Knife Crime,17/11/2017,,,
409,23,Theft,08/12/2017,,,
410,44,Gun Crime,10/06/2017,,,
411,31,Theft,27/11/2017,,,
412,17,Theft,18/06/2017,,,
413,46,Gun Crime,15/09/2017,,,
414,14,Knife Crime,26/08/2017,,,
415,11,Knife Crime,19/05/2017,,,
416,49,Knife Crime,14/08/2017,,,
417,31,Knife Crime,16/09/2017,,,
418,20,Gun Crime,17/02/2017,,,
419,38,Knife Crime,22/01/2017,,,
420,14,Gun Crime,16/07/2017,,,
421,8,Knife Crime,19/04/2017,,,
422,35,Theft,20/04/2017,,,
423,31,Theft,26/09/2017,,,
424,26,Knife Crime,16/05/2017,,,
425,35,Gun Crime,13/09/2017,,,
426,14,Knife Crime,24/10/2017,,,
427,26,Knife Crime,20/07/2017,,,
428,43,Theft,21/06/2017,,,
429,31,Gun Crime,11/03/2017,,,
430,27,Theft,01/08/2017,,,
431,41,Knife Crime,29/01/2017,,,
432,14,Gun Crime,21/12/2017,,,
433,21,Gun Crime,07/07/2017,,,
434,46,Gun Crime,02/05/2017,,,
435,31,Theft,12/06/2017,,,
436,1,Gun Crime,09/09/2017,,,
437,36,Theft,16/05/2017,,,
438,14,Theft,29/12/2017,,,
439,3,Theft,18/07/2017,,,
440,33,Theft,21/08/2017,,,
441,31,Knife Crime,18/09/2017,,,
442,7,Theft,26/10/2017,,,
443,43,Theft,17/11/2017,,,
444,14,Knife Crime,12/05/2017,,,
445,20,Knife Crime,16/02/2017,,,
446,37,Knife Crime,24/08/2017,,,
447,31,Theft,07/03/2017,,,
448,10,Gun Crime,26/03/2017,,,
449,34,Knife Crime,05/02/2017,,,
450,14,Knife Crime,20/01/2017,,,
451,7,Theft,15/03/2017,,,
452,38,Theft,29/05/2017,,,
453,31,Gun Crime,26/08/2017,,,
454,13,Knife Crime,01/04/2017,,,
455,49,Knife Crime,20/04/2017,,,
456,14,Gun Crime,03/06/2017,,,
457,2,Gun Crime,19/07/2017,,,
458,39,Gun Crime,20/10/2017,,,
459,31,Theft,17/11/2017,,,
460,19,Theft,08/12/2017,,,
461,40,Theft,10/06/2017,,,
462,14,Gun Crime,27/11/2017,,,
463,18,Knife Crime,18/06/2017,,,
464,34,Theft,15/09/2017,,,
465,31,Knife Crime,26/08/2017,,,
466,6,Gun Crime,19/05/2017,,,
467,47,Theft,14/08/2017,,,
468,14,Theft,16/09/2017,,,
469,2,Gun Crime,17/02/2017,,,
470,33,Gun Crime,22/01/2017,,,
471,31,Knife Crime,16/07/2017,,,
472,28,Theft,19/04/2017,,,
473,35,Gun Crime,20/04/2017,,,
474,14,Theft,26/09/2017,,,
475,8,Knife Crime,16/05/2017,,,
476,33,Theft,13/09/2017,,,
477,31,Theft,24/10/2017,,,
478,19,Gun Crime,20/07/2017,,,
479,33,Gun Crime,21/06/2017,,,
480,14,Gun Crime,11/03/2017,,,
481,21,Knife Crime,01/08/2017,,,
482,36,Gun Crime,29/01/2017,,,
483,31,Knife Crime,21/12/2017,,,
484,22,Gun Crime,07/07/2017,,,
485,51,Knife Crime,02/05/2017,,,
486,14,Knife Crime,12/06/2017,,,
487,18,Gun Crime,09/09/2017,,,
488,49,Theft,16/05/2017,,,
489,31,Gun Crime,29/12/2017,,,
490,22,Gun Crime,18/07/2017,,,
491,36,Knife Crime,21/08/2017,,,
492,14,Theft,18/09/2017,,,
493,12,Gun Crime,26/10/2017,,,
494,51,Theft,17/11/2017,,,
495,31,Knife Crime,12/05/2017,,,
496,25,Gun Crime,16/02/2017,,,
497,40,Knife Crime,26/03/2017,,,
498,14,Knife Crime,05/02/2017,,,
499,18,Knife Crime,20/01/2017,,,
500,36,Theft,15/03/2017,,,
501,31,Theft,29/05/2017,,,
502,8,Gun Crime,26/08/2017,,,
503,49,Gun Crime,01/04/2017,,,
504,14,Knife Crime,20/04/2017,,,
505,6,Gun Crime,03/06/2017,,,
506,35,Gun Crime,19/07/2017,,,
507,31,Theft,20/10/2017,,,
508,18,Theft,17/11/2017,,,
509,39,Knife Crime,08/12/2017,,,
510,14,Gun Crime,10/06/2017,,,
511,16,Theft,27/11/2017,,,
512,35,Theft,18/06/2017,,,
513,31,Gun Crime,15/09/2017,,,
514,25,Gun Crime,26/08/2017,,,
515,52,Theft,19/05/2017,,,
516,14,Knife Crime,14/08/2017,,,
517,11,Gun Crime,16/09/2017,,,
518,45,Theft,17/02/2017,,,
519,31,Gun Crime,22/01/2017,,,
520,29,Theft,16/07/2017,,,
521,51,Gun Crime,19/04/2017,,,
522,14,Theft,20/04/2017,,,
523,8,Knife Crime,26/09/2017,,,
524,41,Knife Crime,16/05/2017,,,
525,31,Knife Crime,13/09/2017,,,
526,10,Gun Crime,24/10/2017,,,
527,39,Theft,20/07/2017,,,
528,14,Knife Crime,21/06/2017,,,
529,20,Gun Crime,11/03/2017,,,
530,38,Theft,01/08/2017,,,
531,31,Theft,29/01/2017,,,
532,18,Gun Crime,21/12/2017,,,
533,35,Knife Crime,07/07/2017,,,
534,14,Gun Crime,02/05/2017,,,
535,25,Theft,12/06/2017,,,
536,38,Theft,09/09/2017,,,
537,31,Theft,16/05/2017,,,
538,21,Gun Crime,29/12/2017,,,
539,34,Theft,18/07/2017,,,
540,14,Theft,21/08/2017,,,
541,11,Knife Crime,18/09/2017,,,
542,37,Gun Crime,26/10/2017,,,
543,31,Gun Crime,17/11/2017,,,
544,27,Gun Crime,12/05/2017,,,
545,35,Knife Crime,16/02/2017,,,
546,14,Gun Crime,24/08/2017,,,
547,7,Theft,07/03/2017,,,
548,33,Gun Crime,26/03/2017,,,
549,31,Gun Crime,05/02/2017,,,
550,29,Knife Crime,20/01/2017,,,
551,51,Gun Crime,15/03/2017,,,
552,14,Knife Crime,29/05/2017,,,
553,24,Theft,26/08/2017,,,
554,47,Gun Crime,01/04/2017,,,
555,31,Theft,20/04/2017,,,
556,10,Gun Crime,03/06/2017,,,
557,52,Theft,19/07/2017,,,
558,14,Theft,20/10/2017,,,
559,5,Knife Crime,17/11/2017,,,
560,41,Theft,08/12/2017,,,
561,31,Knife Crime,10/06/2017,,,
562,5,Theft,27/11/2017,,,
563,40,Gun Crime,18/06/2017,,,
564,14,Theft,15/09/2017,,,
565,14,Theft,26/08/2017,,,
566,35,Theft,19/05/2017,,,
567,31,Theft,14/08/2017,,,
568,7,Gun Crime,16/09/2017,,,
569,42,Theft,17/02/2017,,,
570,14,Knife Crime,22/01/2017,,,
571,13,Knife Crime,16/07/2017,,,
572,41,Knife Crime,19/04/2017,,,
573,31,Gun Crime,20/04/2017,,,
574,23,Knife Crime,26/09/2017,,,
575,37,Knife Crime,16/05/2017,,,
576,14,Knife Crime,13/09/2017,,,
577,9,Knife Crime,24/10/2017,,,
578,50,Theft,20/07/2017,,,
579,31,Theft,21/06/2017,,,
580,1,Gun Crime,11/03/2017,,,
581,44,Gun Crime,01/08/2017,,,
582,14,Gun Crime,29/01/2017,,,
583,3,Knife Crime,21/12/2017,,,
584,43,Theft,07/07/2017,,,
585,31,Knife Crime,02/05/2017,,,
586,1,Gun Crime,12/06/2017,,,
587,45,Theft,09/09/2017,,,
588,14,Knife Crime,16/05/2017,,,
589,22,Gun Crime,29/12/2017,,,
590,51,Gun Crime,18/07/2017,,,
591,31,Knife Crime,21/08/2017,,,
592,17,Theft,18/09/2017,,,
593,50,Gun Crime,26/10/2017,,,
594,14,Knife Crime,17/11/2017,,,
595,22,Gun Crime,12/05/2017,,,
596,50,Gun Crime,16/02/2017,,,
597,31,Gun Crime,24/08/2017,,,
598,3,Knife Crime,07/03/2017,,,
599,39,Theft,26/03/2017,,,
600,14,Knife Crime,05/02/2017,,,
601,17,Theft,20/01/2017,,,
602,51,Knife Crime,15/03/2017,,,
603,31,Knife Crime,29/05/2017,,,
604,18,Theft,26/08/2017,,,
605,35,Theft,01/04/2017,,,
606,14,Knife Crime,20/04/2017,,,
607,9,Theft,03/06/2017,,,
608,42,Theft,19/07/2017,,,
609,31,Knife Crime,20/10/2017,,,
610,17,Theft,17/11/2017,,,
611,41,Gun Crime,08/12/2017,,,
612,14,Theft,10/06/2017,,,
613,12,Gun Crime,27/11/2017,,,
614,38,Gun Crime,18/06/2017,,,
615,31,Theft,15/09/2017,,,
616,11,Theft,26/08/2017,,,
617,42,Theft,19/05/2017,,,
618,14,Theft,14/08/2017,,,
619,7,Theft,16/09/2017,,,
620,37,Knife Crime,17/02/2017,,,
621,31,Gun Crime,22/01/2017,,,
622,26,Gun Crime,16/07/2017,,,
623,39,Theft,19/04/2017,,,
624,14,Knife Crime,20/04/2017,,,
625,29,Gun Crime,26/09/2017,,,
626,41,Gun Crime,16/05/2017,,,
627,31,Gun Crime,13/09/2017,,,
628,3,Knife Crime,24/10/2017,,,
629,37,Gun Crime,20/07/2017,,,
630,14,Theft,21/06/2017,,,
631,12,Gun Crime,11/03/2017,,,
632,35,Knife Crime,01/08/2017,,,
633,31,Gun Crime,29/01/2017,,,
634,28,Gun Crime,21/12/2017,,,
635,46,Knife Crime,07/07/2017,,,
636,14,Knife Crime,02/05/2017,,,
637,27,Theft,12/06/2017,,,
638,46,Knife Crime,09/09/2017,,,
639,31,Theft,16/05/2017,,,
640,8,Gun Crime,29/12/2017,,,
641,38,Gun Crime,18/07/2017,,,
642,14,Knife Crime,21/08/2017,,,
643,15,Knife Crime,18/09/2017,,,
644,48,Gun Crime,26/10/2017,,,
645,31,Knife Crime,26/03/2017,,,
646,23,Theft,05/02/2017,,,
647,48,Gun Crime,20/01/2017,,,
648,14,Theft,15/03/2017,,,
649,27,Gun Crime,29/05/2017,,,
650,39,Gun Crime,26/08/2017,,,
651,31,Gun Crime,01/04/2017,,,
652,1,Knife Crime,20/04/2017,,,
653,44,Gun Crime,03/06/2017,,,
654,14,Theft,19/07/2017,,,
655,25,Gun Crime,20/10/2017,,,
656,45,Gun Crime,17/11/2017,,,
657,31,Theft,08/12/2017,,,
658,20,Knife Crime,10/06/2017,,,
659,50,Knife Crime,27/11/2017,,,
660,14,Theft,18/06/2017,,,
661,20,Knife Crime,15/09/2017,,,
662,41,Theft,26/08/2017,,,
663,31,Gun Crime,19/05/2017,,,
664,21,Knife Crime,14/08/2017,,,
665,47,Gun Crime,16/09/2017,,,
666,14,Gun Crime,17/02/2017,,,
667,16,Knife Crime,22/01/2017,,,
668,36,Gun Crime,16/07/2017,,,
669,31,Theft,19/04/2017,,,
670,7,Theft,20/04/2017,,,
671,38,Knife Crime,26/09/2017,,,
672,14,Theft,16/05/2017,,,
673,20,Knife Crime,13/09/2017,,,
674,50,Gun Crime,24/10/2017,,,
675,31,Knife Crime,20/07/2017,,,
676,22,Knife Crime,21/06/2017,,,
677,39,Gun Crime,11/03/2017,,,
678,14,Gun Crime,01/08/2017,,,
679,15,Knife Crime,29/01/2017,,,
680,41,Knife Crime,21/12/2017,,,
681,31,Gun Crime,07/07/2017,,,
682,27,Knife Crime,02/05/2017,,,
683,52,Knife Crime,12/06/2017,,,
684,14,Gun Crime,09/09/2017,,,
685,29,Knife Crime,16/05/2017,,,
686,35,Theft,29/12/2017,,,
687,31,Theft,18/07/2017,,,
688,1,Theft,21/08/2017,,,
689,42,Gun Crime,18/09/2017,,,
690,14,Knife Crime,26/10/2017,,,
691,7,Knife Crime,17/11/2017,,,
692,44,Knife Crime,12/05/2017,,,
693,31,Gun Crime,16/02/2017,,,
694,26,Theft,24/08/2017,,,
695,46,Gun Crime,07/03/2017,,,
696,14,Knife Crime,26/03/2017,,,
697,15,Knife Crime,05/02/2017,,,
698,36,Theft,20/01/2017,,,
699,31,Knife Crime,15/03/2017,,,
700,25,Theft,29/05/2017,,,
701,50,Gun Crime,26/08/2017,,,
702,14,Gun Crime,01/04/2017,,,
703,19,Knife Crime,20/04/2017,,,
704,39,Theft,03/06/2017,,,
705,31,Knife Crime,19/07/2017,,,
706,2,Theft,20/10/2017,,,
707,44,Knife Crime,17/11/2017,,,
708,14,Knife Crime,08/12/2017,,,
709,29,Theft,10/06/2017,,,
710,50,Gun Crime,27/11/2017,,,
711,31,Knife Crime,18/06/2017,,,
712,5,Gun Crime,15/09/2017,,,
713,39,Gun Crime,26/08/2017,,,
714,14,Theft,19/05/2017,,,
715,18,Knife Crime,14/08/2017,,,
716,44,Gun Crime,16/09/2017,,,
717,31,Knife Crime,17/02/2017,,,
718,18,Knife Crime,22/01/2017,,,
719,47,Theft,16/07/2017,,,
720,14,Gun Crime,19/04/2017,,,
721,20,Knife Crime,20/04/2017,,,
722,43,Theft,26/09/2017,,,
723,31,Theft,16/05/2017,,,
724,27,Knife Crime,13/09/2017,,,
725,38,Theft,24/10/2017,,,
726,14,Knife Crime,20/07/2017,,,
727,13,Theft,21/06/2017,,,
728,50,Theft,11/03/2017,,,
729,31,Gun Crime,01/08/2017,,,
730,3,Knife Crime,29/01/2017,,,
731,52,Theft,21/12/2017,,,
732,14,Theft,07/07/2017,,,
733,23,Gun Crime,02/05/2017,,,
734,45,Knife Crime,12/06/2017,,,
735,31,Knife Crime,09/09/2017,,,
736,23,Knife Crime,16/05/2017,,,
737,46,Knife Crime,29/12/2017,,,
738,14,Theft,18/07/2017,,,
739,27,Theft,21/08/2017,,,
740,45,Gun Crime,18/09/2017,,,
741,31,Gun Crime,26/10/2017,,,
742,10,Gun Crime,17/11/2017,,,
743,44,Gun Crime,12/05/2017,,,
744,14,Knife Crime,16/02/2017,,,
745,12,Theft,26/03/2017,,,
746,41,Theft,05/02/2017,,,
747,31,Theft,20/01/2017,,,
748,23,Gun Crime,15/03/2017,,,
749,48,Theft,29/05/2017,,,
750,14,Theft,26/08/2017,,,
751,17,Theft,01/04/2017,,,
752,43,Knife Crime,20/04/2017,,,
753,31,Gun Crime,03/06/2017,,,
754,1,Knife Crime,19/07/2017,,,
755,45,Gun Crime,20/10/2017,,,
756,14,Gun Crime,17/11/2017,,,
757,9,Knife Crime,08/12/2017,,,
758,33,Theft,10/06/2017,,,
759,31,Gun Crime,27/11/2017,,,
760,20,Knife Crime,18/06/2017,,,
761,45,Knife Crime,15/09/2017,,,
762,14,Knife Crime,26/08/2017,,,
763,1,Gun Crime,19/05/2017,,,
764,40,Gun Crime,14/08/2017,,,
765,31,Knife Crime,16/09/2017,,,
766,9,Gun Crime,17/02/2017,,,
767,51,Gun Crime,22/01/2017,,,
768,14,Knife Crime,16/07/2017,,,
769,19,Knife Crime,19/04/2017,,,
770,42,Theft,20/04/2017,,,
771,31,Theft,26/09/2017,,,
772,1,Knife Crime,16/05/2017,,,
773,51,Theft,13/09/2017,,,
774,14,Gun Crime,24/10/2017,,,
775,24,Theft,20/07/2017,,,
776,40,Gun Crime,21/06/2017,,,
777,31,Theft,11/03/2017,,,
778,12,Knife Crime,01/08/2017,,,
779,36,Gun Crime,29/01/2017,,,
780,14,Knife Crime,21/12/2017,,,
781,27,Theft,07/07/2017,,,
782,33,Gun Crime,02/05/2017,,,
783,31,Gun Crime,12/06/2017,,,
784,25,Gun Crime,09/09/2017,,,
785,49,Knife Crime,16/05/2017,,,
786,14,Gun Crime,29/12/2017,,,
787,1,Gun Crime,18/07/2017,,,
788,52,Theft,21/08/2017,,,
789,31,Theft,18/09/2017,,,
790,17,Gun Crime,26/10/2017,,,
791,47,Knife Crime,17/11/2017,,,
792,14,Knife Crime,12/05/2017,,,
793,9,Gun Crime,16/02/2017,,,
794,41,Knife Crime,24/08/2017,,,
795,31,Knife Crime,07/03/2017,,,
796,5,Knife Crime,26/03/2017,,,
797,41,Gun Crime,05/02/2017,,,
798,14,Theft,20/01/2017,,,
799,17,Knife Crime,15/03/2017,,,
800,38,Knife Crime,29/05/2017,,,
801,31,Knife Crime,26/08/2017,,,
802,23,Theft,01/04/2017,,,
803,33,Knife Crime,20/04/2017,,,
804,14,Knife Crime,03/06/2017,,,
805,4,Knife Crime,19/07/2017,,,
806,47,Theft,20/10/2017,,,
807,31,Knife Crime,17/11/2017,,,
808,4,Gun Crime,08/12/2017,,,
809,37,Gun Crime,10/06/2017,,,
810,14,Theft,27/11/2017,,,
811,1,Gun Crime,18/06/2017,,,
812,48,Knife Crime,15/09/2017,,,
813,31,Gun Crime,26/08/2017,,,
814,27,Gun Crime,19/05/2017,,,
815,45,Gun Crime,14/08/2017,,,
816,14,Knife Crime,16/09/2017,,,
817,29,Knife Crime,17/02/2017,,,
818,51,Theft,22/01/2017,,,
819,31,Knife Crime,16/07/2017,,,
820,21,Theft,19/04/2017,,,
821,34,Knife Crime,20/04/2017,,,
822,14,Gun Crime,26/09/2017,,,
823,6,Theft,16/05/2017,,,
824,36,Gun Crime,13/09/2017,,,
825,31,Theft,24/10/2017,,,
826,1,Theft,20/07/2017,,,
827,34,Knife Crime,21/06/2017,,,
828,14,Gun Crime,11/03/2017,,,
829,11,Gun Crime,01/08/2017,,,
830,47,Theft,29/01/2017,,,
831,31,Knife Crime,21/12/2017,,,
832,21,Knife Crime,07/07/2017,,,
833,34,Theft,02/05/2017,,,
834,14,Theft,12/06/2017,,,
835,1,Theft,09/09/2017,,,
836,47,Gun Crime,16/05/2017,,,
837,31,Gun Crime,29/12/2017,,,
838,20,Knife Crime,18/07/2017,,,
839,33,Knife Crime,21/08/2017,,,
840,14,Knife Crime,18/09/2017,,,
841,23,Theft,26/10/2017,,,
842,34,Knife Crime,17/11/2017,,,
843,31,Theft,12/05/2017,,,
844,5,Gun Crime,16/02/2017,,,
845,33,Knife Crime,24/08/2017,,,
846,14,Theft,07/03/2017,,,
847,13,Theft,26/03/2017,,,
848,49,Gun Crime,05/02/2017,,,
849,31,Gun Crime,20/01/2017,,,
850,28,Gun Crime,15/03/2017,,,
851,47,Knife Crime,29/05/2017,,,
852,14,Gun Crime,26/08/2017,,,
853,1,Gun Crime,01/04/2017,,,
854,51,Gun Crime,20/04/2017,,,
855,31,Knife Crime,03/06/2017,,,
856,28,Knife Crime,19/07/2017,,,
857,52,Theft,20/10/2017,,,
858,14,Gun Crime,17/11/2017,,,
859,5,Gun Crime,08/12/2017,,,
860,40,Gun Crime,10/06/2017,,,
861,31,Theft,27/11/2017,,,
862,5,Gun Crime,18/06/2017,,,
863,50,Gun Crime,15/09/2017,,,
864,14,Theft,26/08/2017,,,
865,17,Theft,19/05/2017,,,
866,37,Gun Crime,14/08/2017,,,
867,31,Theft,16/09/2017,,,
868,27,Gun Crime,17/02/2017,,,
869,40,Theft,22/01/2017,,,
870,14,Gun Crime,16/07/2017,,,
871,21,Knife Crime,19/04/2017,,,
872,51,Knife Crime,20/04/2017,,,
873,31,Knife Crime,26/09/2017,,,
874,19,Gun Crime,16/05/2017,,,
875,51,Knife Crime,13/09/2017,,,
876,14,Theft,24/10/2017,,,
877,2,Gun Crime,20/07/2017,,,
878,34,Gun Crime,21/06/2017,,,
879,31,Theft,11/03/2017,,,
880,5,Knife Crime,01/08/2017,,,
881,48,Gun Crime,29/01/2017,,,
882,14,Gun Crime,21/12/2017,,,
883,29,Theft,07/07/2017,,,
884,43,Theft,02/05/2017,,,
885,31,Knife Crime,12/06/2017,,,
886,2,Gun Crime,09/09/2017,,,
887,52,Gun Crime,16/05/2017,,,
888,14,Theft,29/12/2017,,,
889,11,Gun Crime,18/07/2017,,,
890,36,Gun Crime,21/08/2017,,,
891,31,Gun Crime,18/09/2017,,,
892,22,Knife Crime,26/10/2017,,,
893,51,Knife Crime,26/03/2017,,,
894,14,Knife Crime,05/02/2017,,,
895,11,Theft,20/01/2017,,,
896,44,Gun Crime,15/03/2017,,,
897,31,Theft,29/05/2017,,,
898,2,Theft,26/08/2017,,,
899,50,Theft,01/04/2017,,,
900,14,Gun Crime,20/04/2017,,,
901,11,Gun Crime,03/06/2017,,,
902,34,Knife Crime,19/07/2017,,,
903,31,Knife Crime,20/10/2017,,,
904,19,Gun Crime,17/11/2017,,,
905,45,Theft,08/12/2017,,,
906,14,Gun Crime,10/06/2017,,,
907,1,Knife Crime,27/11/2017,,,
908,35,Theft,18/06/2017,,,
909,31,Theft,15/09/2017,,,
910,10,Gun Crime,26/08/2017,,,
911,38,Theft,19/05/2017,,,
912,14,Knife Crime,14/08/2017,,,
913,13,Gun Crime,16/09/2017,,,
914,44,Knife Crime,17/02/2017,,,
915,31,Knife Crime,22/01/2017,,,
916,27,Gun Crime,16/07/2017,,,
917,39,Theft,19/04/2017,,,
918,14,Gun Crime,20/04/2017,,,
919,26,Theft,26/09/2017,,,
920,33,Theft,16/05/2017,,,
921,31,Theft,13/09/2017,,,
922,11,Theft,24/10/2017,,,
923,45,Gun Crime,20/07/2017,,,
924,14,Knife Crime,21/06/2017,,,
925,20,Knife Crime,11/03/2017,,,
926,50,Knife Crime,01/08/2017,,,
927,31,Gun Crime,29/01/2017,,,
928,18,Theft,21/12/2017,,,
929,36,Theft,07/07/2017,,,
930,14,Gun Crime,02/05/2017,,,
931,15,Gun Crime,12/06/2017,,,
932,43,Theft,09/09/2017,,,
933,31,Knife Crime,16/05/2017,,,
934,7,Gun Crime,29/12/2017,,,
935,37,Theft,18/07/2017,,,
936,14,Gun Crime,21/08/2017,,,
937,6,Knife Crime,18/09/2017,,,
938,39,Gun Crime,26/10/2017,,,
939,31,Knife Crime,17/11/2017,,,
940,3,Theft,12/05/2017,,,
941,44,Gun Crime,16/02/2017,,,
942,14,Gun Crime,24/08/2017,,,
943,1,Theft,07/03/2017,,,
944,48,Knife Crime,26/03/2017,,,
945,31,Theft,05/02/2017,,,
946,16,Theft,20/01/2017,,,
947,52,Knife Crime,15/03/2017,,,
948,14,Gun Crime,29/05/2017,,,
949,18,Gun Crime,26/08/2017,,,
950,44,Knife Crime,01/04/2017,,,
951,31,Gun Crime,20/04/2017,,,
952,25,Gun Crime,03/06/2017,,,
953,43,Gun Crime,19/07/2017,,,
954,14,Knife Crime,20/10/2017,,,
955,10,Gun Crime,17/11/2017,,,
956,38,Knife Crime,08/12/2017,,,
957,31,Knife Crime,10/06/2017,,,
958,14,Theft,27/11/2017,,,
959,45,Gun Crime,18/06/2017,,,
960,14,Gun Crime,15/09/2017,,,
961,28,Theft,26/08/2017,,,
962,43,Theft,19/05/2017,,,
963,31,Gun Crime,14/08/2017,,,
964,5,Knife Crime,16/09/2017,,,
965,42,Knife Crime,17/02/2017,,,
966,14,Gun Crime,22/01/2017,,,
967,25,Knife Crime,16/07/2017,,,
968,34,Gun Crime,19/04/2017,,,
969,31,Knife Crime,20/04/2017,,,
970,23,Theft,26/09/2017,,,
971,44,Knife Crime,16/05/2017,,,
972,14,Theft,13/09/2017,,,
973,29,Knife Crime,24/10/2017,,,
974,37,Gun Crime,20/07/2017,,,
975,31,Theft,21/06/2017,,,
976,16,Theft,11/03/2017,,,
977,41,Gun Crime,01/08/2017,,,
978,14,Knife Crime,29/01/2017,,,
979,2,Gun Crime,21/12/2017,,,
980,44,Knife Crime,07/07/2017,,,
981,31,Theft,02/05/2017,,,
982,28,Theft,12/06/2017,,,
983,37,Theft,09/09/2017,,,
984,14,Gun Crime,16/05/2017,,,
985,14,Gun Crime,29/12/2017,,,
986,39,Knife Crime,18/07/2017,,,
987,31,Theft,21/08/2017,,,
988,4,Gun Crime,18/09/2017,,,
989,51,Gun Crime,26/10/2017,,,
990,14,Knife Crime,17/11/2017,,,
991,24,Gun Crime,12/05/2017,,,
992,50,Gun Crime,16/02/2017,,,
993,31,Knife Crime,26/03/2017,,,
994,27,Theft,05/02/2017,,,
995,50,Gun Crime,20/01/2017,,,
996,14,Gun Crime,15/03/2017,,,
997,6,Gun Crime,29/05/2017,,,
998,33,Theft,26/08/2017,,,
